ruta,lenguaje,loc,complejidad_ciclomatica,mi,estado_mi,deuda_horas,costo_reparacion_usd,interes_anual_usd,payback_anios,roi_4_anios_porc,factor_friccion,t_clean_horas,t_real_horas,delta_t_horas,roi_ajustado_porc,modelo_calculo,tiene_datos_interes,fuente_interes
frontend/lib/presentation/screens/cursos_screen.dart,dart,2958,553,0.0,CRITICO,2218.5,66555.0,3600.0,18.49,-78.36,4.0,4.0,9.0,5.0,-85.94,dinamico,True,yaml
frontend/lib/presentation/screens/teachers_screen.dart,dart,1415,226,0.0,CRITICO,1061.25,31837.5,4320.0,7.37,-45.72,4.0,4.0,16.0,12.0,-64.72,dinamico,True,git
frontend/lib/presentation/screens/configuracion_screen.dart,dart,1356,225,0.0,CRITICO,1017.0,30510.0,2880.0,10.59,-62.24,4.0,4.0,16.0,12.0,-75.46,dinamico,True,git
frontend/lib/presentation/screens/students_screen.dart,dart,1314,188,0.0,CRITICO,985.5,29565.0,5400.0,5.47,-26.94,4.0,4.0,16.0,12.0,-52.51,dinamico,True,git
frontend/lib/infrastructure/datasources/api_datasource.dart,dart,1082,269,0.0,CRITICO,892.64,26779.2,5040.0,4.83,-17.19,4.0,4.0,16.0,12.0,-46.17,dinamico,True,git
frontend/lib/presentation/screens/materias_screen.dart,dart,1077,179,0.0,CRITICO,807.75,24232.5,2880.0,8.41,-52.46,4.0,4.0,16.0,12.0,-69.1,dinamico,True,git
frontend/lib/presentation/screens/attendance_screen.dart,dart,996,119,0.0,CRITICO,747.0,22410.0,4320.0,5.19,-22.89,4.0,4.0,16.0,12.0,-49.88,dinamico,True,git
frontend/lib/presentation/screens/users_screen.dart,dart,992,122,0.0,CRITICO,744.0,22320.0,5760.0,3.88,3.23,4.0,4.0,16.0,12.0,-32.9,dinamico,True,git
frontend/lib/presentation/widgets/sga_design_system.dart,dart,695,82,0.0,CRITICO,521.25,15637.5,1080.0,14.48,-72.37,4.0,4.0,16.0,12.0,-82.04,dinamico,True,git
backend/internal/adapter/postgres/academic_repo.go,go,422,97,0.0,CRITICO,348.15,10444.5,1050.0,9.04,-55.77,4.0,7.0,9.5,2.5,-71.25,dinamico,True,yaml
frontend/lib/presentation/screens/reports_screen.dart,dart,457,44,4.54,CRITICO,322.0,9660.07,2859.3,3.38,18.4,3.65,4.0,14.59,10.59,-23.04,dinamico,True,git
frontend/lib/presentation/screens/dashboard_screen.dart,dart,440,45,4.96,CRITICO,308.18,9245.28,3769.2,2.45,63.08,3.62,4.0,14.47,10.47,6.0,dinamico,True,git
backend/internal/adapter/http/course_handler.go,go,364,66,4.91,CRITICO,280.65,8419.5,600.0,12.76,-68.64,3.62,7.0,9.0,2.0,-79.62,dinamico,True,yaml
frontend/lib/presentation/shell/app_shell.dart,dart,388,44,6.93,CRITICO,264.11,7923.35,4446.0,1.78,124.45,3.47,4.0,13.88,9.88,45.89,dinamico,True,git
backend/internal/app/academic_test.go,go,250,56,11.74,CRITICO,189.77,5693.1,448.2,10.58,-62.21,3.13,7.0,21.94,14.94,-75.44,dinamico,True,git
backend/internal/adapter/postgres/structure_repo.go,go,254,65,10.3,CRITICO,180.76,5422.8,468.9,10.51,-61.96,3.23,7.0,22.63,15.63,-75.27,dinamico,True,git
backend/internal/domain/domain_test.go,go,242,59,11.82,CRITICO,176.41,5292.3,1341.0,3.42,16.94,3.13,7.0,21.9,14.9,-23.99,dinamico,True,git
backend/internal/adapter/http/config_handler.go,go,256,47,12.61,CRITICO,175.69,5270.7,435.9,10.99,-63.61,3.08,7.0,21.53,14.53,-76.35,dinamico,True,git
backend/internal/app/academic.go,go,228,69,11.34,CRITICO,174.17,5225.1,2723.4,1.6,150.19,3.16,7.0,22.13,15.13,62.62,dinamico,True,git
backend/internal/adapter/http/academic_handler.go,go,215,42,15.83,CRITICO,139.93,4197.9,2352.6,1.62,146.59,2.87,7.0,20.07,13.07,60.28,dinamico,True,git
backend/internal/domain/ports_contract_test.go,go,182,47,17.6,CRITICO,120.53,3615.9,369.0,8.49,-52.91,2.76,7.0,19.3,12.3,-69.39,dinamico,True,git
backend/internal/app/config.go,go,174,47,18.25,CRITICO,118.49,3554.7,360.6,8.21,-51.31,2.72,7.0,19.02,12.02,-68.35,dinamico,True,git
backend/internal/adapter/postgres/user_repo.go,go,185,43,17.9,CRITICO,116.2,3486.0,365.1,8.68,-53.92,2.74,7.0,19.17,12.17,-70.05,dinamico,True,git
frontend/lib/domain/entities/config.dart,dart,179,38,19.05,CRITICO,115.55,3466.5,200.4,14.99,-73.32,2.67,4.0,10.68,6.68,-82.66,dinamico,True,git
frontend/lib/domain/entities/academic.dart,dart,173,33,20.22,CRITICO,109.34,3280.2,1344.0,2.12,89.09,2.6,4.0,10.4,6.4,22.91,dinamico,True,git
backend/internal/adapter/http/misc_handler_test.go,go,168,36,20.25,CRITICO,101.19,3035.7,335.7,8.22,-51.34,2.6,7.0,18.19,11.19,-68.37,dinamico,True,git
backend/internal/adapter/http/student_handler.go,go,166,27,21.63,CRITICO,97.45,2923.5,637.8,4.17,-4.01,2.52,7.0,17.63,10.63,-37.61,dinamico,True,git
frontend/lib/presentation/widgets/notification_bell.dart,dart,181,21,21.17,CRITICO,97.43,2922.97,741.6,3.94,1.49,2.55,4.0,10.18,6.18,-34.03,dinamico,True,git
backend/internal/adapter/postgres/notification_repo.go,go,159,32,21.59,CRITICO,93.41,2802.3,319.5,7.97,-49.84,2.52,7.0,17.65,10.65,-67.39,dinamico,True,git
backend/internal/adapter/postgres/student_repo.go,go,152,31,22.38,CRITICO,87.98,2639.4,1240.8,1.93,106.85,2.48,7.0,17.34,10.34,34.45,dinamico,True,git
backend/internal/app/course_test.go,go,134,36,23.55,CRITICO,82.73,2481.9,296.4,6.98,-42.68,2.41,7.0,16.88,9.88,-62.74,dinamico,True,git
backend/internal/adapter/http/device_handler.go,go,139,25,24.5,CRITICO,77.22,2316.6,285.6,7.37,-45.76,2.36,7.0,16.52,9.52,-64.74,dinamico,True,git
backend/internal/adapter/postgres/attendance_repo.go,go,137,24,24.84,CRITICO,75.59,2267.7,281.7,7.32,-45.34,2.34,7.0,16.39,9.39,-64.47,dinamico,True,git
backend/internal/adapter/postgres/deviceconfig_repo.go,go,131,30,24.69,CRITICO,72.5,2175.0,283.5,6.97,-42.65,2.35,7.0,16.45,9.45,-62.72,dinamico,True,git
backend/internal/domain/academic.go,go,125,19,26.86,CRITICO,69.43,2082.9,1297.5,1.39,187.47,2.24,7.0,15.65,8.65,86.85,dinamico,True,git
backend/internal/app/student_test.go,go,117,29,26.48,CRITICO,68.12,2043.6,263.7,6.46,-38.07,2.26,7.0,15.79,8.79,-59.74,dinamico,True,git
backend/internal/adapter/http/attendance_handler.go,go,124,24,26.3,CRITICO,66.43,1992.9,265.5,6.82,-41.38,2.26,7.0,15.85,8.85,-61.9,dinamico,True,git
backend/cmd/api/main.go,go,134,15,26.38,CRITICO,65.16,1954.66,1059.6,1.84,116.84,2.26,7.0,15.83,8.83,40.94,dinamico,True,git
backend/internal/app/student_import.go,go,110,21,28.45,CRITICO,61.44,1843.2,242.7,6.33,-36.8,2.16,7.0,15.09,8.09,-58.92,dinamico,True,git
backend/internal/adapter/postgres/device_repo.go,go,114,27,27.13,CRITICO,60.04,1801.2,256.8,6.38,-37.26,2.22,7.0,15.56,8.56,-59.22,dinamico,True,git
backend/internal/adapter/postgres/course_repo.go,go,113,25,27.52,CRITICO,59.01,1770.3,504.6,3.19,25.41,2.2,7.0,15.41,8.41,-18.48,dinamico,True,git
backend/internal/adapter/postgres/preceptor_repo.go,go,109,20,28.72,CRITICO,55.48,1664.4,720.0,2.1,90.32,2.14,7.0,15.0,8.0,23.71,dinamico,True,git
backend/internal/adapter/http/user_handler.go,go,108,21,28.72,CRITICO,54.98,1649.4,240.0,6.25,-35.97,2.14,7.0,15.0,8.0,-58.38,dinamico,True,git
backend/internal/adapter/http/dto_config_test.go,go,107,19,29.13,CRITICO,53.99,1619.7,235.8,6.24,-35.94,2.12,7.0,14.86,7.86,-58.36,dinamico,True,git
backend/internal/adapter/http/academic_handler_test.go,go,102,9,31.17,CRITICO,49.17,1475.1,215.1,6.23,-35.84,2.02,7.0,14.17,7.17,-58.3,dinamico,True,git
backend/internal/adapter/postgres/errors_test.go,go,97,28,29.35,CRITICO,48.71,1461.3,233.4,5.69,-29.72,2.11,7.0,14.78,7.78,-54.32,dinamico,True,git
backend/internal/adapter/http/dto_config.go,go,99,7,31.88,CRITICO,46.96,1408.8,208.2,6.15,-34.97,1.99,7.0,13.94,6.94,-57.73,dinamico,True,git
frontend/lib/domain/entities/time_slot.dart,dart,90,23,31.12,CRITICO,45.56,1366.8,246.6,4.8,-16.74,2.03,4.0,8.11,4.11,-45.88,dinamico,True,git
backend/internal/adapter/http/dto_academic.go,go,97,6,32.31,CRITICO,45.55,1366.5,204.0,6.09,-34.31,1.97,7.0,13.8,6.8,-57.3,dinamico,True,git
backend/internal/domain/timeslot.go,go,91,15,32.03,CRITICO,45.11,1353.3,620.1,1.89,111.46,1.98,7.0,13.89,6.89,37.45,dinamico,True,git
backend/internal/adapter/postgres/specialty_repo.go,go,94,15,31.56,CRITICO,44.91,1347.3,422.4,2.9,37.93,2.01,7.0,14.04,7.04,-10.35,dinamico,True,git
backend/internal/app/preceptor_test.go,go,87,19,32.15,CRITICO,44.74,1342.2,411.0,2.72,47.01,1.98,7.0,13.85,6.85,-4.44,dinamico,True,git
backend/internal/adapter/http/dto_academic_test.go,go,93,14,31.85,CRITICO,44.14,1324.2,208.5,5.77,-30.72,1.99,7.0,13.95,6.95,-54.97,dinamico,True,git
frontend/lib/domain/entities/student.dart,dart,87,27,31.08,CRITICO,44.08,1322.4,494.4,2.32,72.52,2.03,4.0,8.12,4.12,12.14,dinamico,True,git
frontend/lib/domain/entities/attendance_record.dart,dart,88,17,32.26,CRITICO,43.39,1301.7,234.0,4.82,-17.05,1.97,4.0,7.9,3.9,-46.08,dinamico,True,git
backend/internal/adapter/postgres/timeslot_repo.go,go,89,17,32.09,CRITICO,42.01,1260.3,412.2,2.78,43.91,1.98,7.0,13.87,6.87,-6.46,dinamico,True,git
backend/internal/domain/rules.go,go,83,26,31.9,CRITICO,41.27,1238.1,208.2,5.15,-22.4,1.99,7.0,13.94,6.94,-49.56,dinamico,True,git
backend/internal/app/course.go,go,80,23,32.84,CRITICO,40.48,1214.4,398.4,2.54,57.5,1.95,7.0,13.64,6.64,2.38,dinamico,True,git
backend/internal/adapter/http/middleware.go,go,83,13,33.65,CRITICO,37.75,1132.5,765.6,1.34,197.42,1.91,7.0,13.38,6.38,93.32,dinamico,True,git
backend/internal/domain/ports_academic.go,go,82,0,35.57,CRITICO,37.3,1119.0,174.0,5.57,-28.24,1.83,7.0,12.8,5.8,-53.35,dinamico,True,git
backend/internal/adapter/http/excel.go,go,81,17,33.47,CRITICO,37.0,1110.0,193.2,5.22,-23.43,1.92,7.0,13.44,6.44,-50.23,dinamico,True,git
backend/internal/adapter/postgres/db.go,go,79,17,33.83,CRITICO,35.77,1073.1,569.7,1.71,133.56,1.9,7.0,13.33,6.33,51.82,dinamico,True,git
backend/internal/adapter/postgres/db_test.go,go,77,22,33.54,CRITICO,35.12,1053.6,192.6,4.97,-19.57,1.92,7.0,13.42,6.42,-47.72,dinamico,True,git
frontend/lib/domain/entities/course.dart,dart,72,24,34.25,CRITICO,33.85,1015.5,637.2,1.38,189.57,1.89,4.0,7.54,3.54,88.22,dinamico,True,git
backend/internal/app/student.go,go,70,21,35.06,CRITICO,33.55,1006.5,357.0,2.35,70.27,1.85,7.0,12.95,5.95,10.67,dinamico,True,git
backend/internal/adapter/postgres/classperiod_repo.go,go,76,12,35.07,CRITICO,33.38,1001.4,178.5,5.1,-21.57,1.85,7.0,12.95,5.95,-49.02,dinamico,True,git
frontend/lib/domain/entities/user.dart,dart,72,18,35.05,CRITICO,33.18,995.4,306.0,2.82,41.84,1.85,4.0,7.4,3.4,-7.8,dinamico,True,git
backend/internal/domain/config.go,go,75,0,36.88,CRITICO,32.99,989.7,162.9,5.27,-24.03,1.78,7.0,12.43,5.43,-50.62,dinamico,True,git
backend/internal/app/timeslot_test.go,go,69,20,35.41,CRITICO,32.78,983.4,175.5,4.67,-14.34,1.84,7.0,12.85,5.85,-44.32,dinamico,True,git
backend/internal/adapter/http/misc_handler.go,go,71,17,35.39,CRITICO,30.93,927.9,527.4,1.6,150.07,1.84,7.0,12.86,5.86,62.54,dinamico,True,git
frontend/lib/domain/entities/class_period.dart,dart,66,10,37.4,CRITICO,28.64,859.2,181.2,4.11,-2.64,1.75,4.0,7.02,3.02,-36.72,dinamico,True,git
backend/internal/app/attendance.go,go,62,17,37.38,CRITICO,28.0,840.0,158.4,4.42,-9.46,1.75,7.0,12.28,5.28,-41.15,dinamico,True,git
backend/internal/adapter/http/server.go,go,67,3,38.12,CRITICO,27.18,815.4,457.2,1.62,146.74,1.73,7.0,12.08,5.08,60.38,dinamico,True,git
backend/internal/migrate/migrate.go,go,57,13,39.14,CRITICO,26.57,797.1,144.0,4.26,-6.06,1.69,7.0,11.8,4.8,-38.94,dinamico,True,git
backend/internal/adapter/postgres/student_repo_test.go,go,63,14,37.54,CRITICO,25.96,778.8,157.2,4.5,-11.17,1.75,7.0,12.24,5.24,-42.26,dinamico,True,git
frontend/lib/domain/entities/preceptor_assignment.dart,dart,62,6,38.85,CRITICO,25.86,775.8,167.4,4.02,-0.41,1.7,4.0,6.79,2.79,-35.27,dinamico,True,git
backend/internal/app/timeslot.go,go,59,12,38.77,CRITICO,25.64,769.2,441.0,1.45,175.1,1.7,7.0,11.9,4.9,78.82,dinamico,True,git
frontend/lib/infrastructure/repositories/student_repository_impl.dart,dart,61,14,38.02,CRITICO,24.82,744.6,525.6,1.29,210.67,1.73,4.0,6.92,2.92,101.93,dinamico,True,git
backend/internal/config/config.go,go,54,12,40.07,CRITICO,24.52,735.6,136.8,4.14,-3.31,1.65,7.0,11.56,4.56,-37.15,dinamico,True,git
backend/internal/adapter/auth/auth.go,go,61,10,38.55,CRITICO,24.45,733.5,148.8,4.48,-10.76,1.71,7.0,11.96,4.96,-41.99,dinamico,True,git
backend/internal/adapter/http/response.go,go,60,15,38.12,CRITICO,24.34,730.2,304.8,2.18,83.68,1.73,7.0,12.08,5.08,19.39,dinamico,True,git
backend/internal/domain/ports_attendance.go,go,60,0,40.14,CRITICO,24.14,724.2,136.2,4.61,-13.17,1.65,7.0,11.54,4.54,-43.56,dinamico,True,git
backend/internal/adapter/http/dto_courses_test.go,go,58,6,39.83,CRITICO,22.44,673.2,138.6,4.42,-9.41,1.66,7.0,11.62,4.62,-41.11,dinamico,True,git
backend/internal/adapter/http/dto_courses.go,go,56,3,40.75,CRITICO,21.1,633.0,262.8,2.19,82.67,1.63,7.0,11.38,4.38,18.74,dinamico,True,git
backend/internal/domain/user.go,go,53,10,40.61,CRITICO,21.03,630.9,132.6,4.12,-3.0,1.63,7.0,11.42,4.42,-36.95,dinamico,True,git
backend/internal/app/preceptor.go,go,50,13,41.06,CRITICO,20.36,610.8,258.0,1.97,102.7,1.61,7.0,11.3,4.3,31.75,dinamico,True,git
backend/internal/app/classperiod.go,go,48,20,40.71,CRITICO,19.75,592.5,131.7,3.75,6.7,1.63,7.0,11.39,4.39,-30.65,dinamico,True,git
backend/internal/domain/student.go,go,50,10,41.46,CRITICO,19.35,580.5,378.0,1.33,200.55,1.6,7.0,11.2,4.2,95.36,dinamico,True,git
backend/internal/app/device_sync.go,go,48,11,41.92,CRITICO,19.06,571.8,122.4,3.89,2.79,1.58,7.0,11.08,4.08,-33.18,dinamico,True,git
backend/internal/domain/specialty.go,go,49,10,41.76,CRITICO,18.79,563.7,371.7,1.31,204.25,1.59,7.0,11.13,4.13,97.76,dinamico,True,git
frontend/lib/infrastructure/repositories/attendance_repository_impl.dart,dart,51,7,41.58,CRITICO,18.74,562.2,142.8,3.58,11.71,1.6,4.0,6.38,2.38,-27.39,dinamico,True,git
backend/internal/domain/ports_auth.go,go,49,7,42.16,CRITICO,18.56,556.8,120.9,3.99,0.18,1.58,7.0,11.03,4.03,-34.88,dinamico,True,git
backend/internal/app/user.go,go,45,11,42.87,CRITICO,17.35,520.5,115.5,3.76,6.5,1.55,7.0,10.85,3.85,-30.77,dinamico,True,git
frontend/lib/domain/usecases/get_daily_attendance.dart,dart,46,6,43.22,CRITICO,16.87,506.1,129.0,3.4,17.66,1.54,4.0,6.15,2.15,-23.52,dinamico,True,git
backend/internal/adapter/http/dto_serialization_test.go,go,45,12,42.73,CRITICO,15.97,479.1,116.7,3.73,7.16,1.56,7.0,10.89,3.89,-30.35,dinamico,True,git
backend/internal/di/container.go,go,39,6,45.63,CRITICO,14.88,446.4,96.6,3.56,12.46,1.46,7.0,10.22,3.22,-26.9,dinamico,True,git
backend/internal/domain/academic_test.go,go,41,14,43.82,CRITICO,14.74,442.2,108.9,3.52,13.6,1.52,7.0,10.63,3.63,-26.16,dinamico,True,git
frontend/lib/main.dart,dart,46,7,43.08,CRITICO,14.68,440.5,325.5,1.35,195.58,1.54,4.0,6.17,2.17,92.12,dinamico,True,git
backend/internal/domain/attendance.go,go,41,3,45.3,CRITICO,14.05,421.5,98.7,3.7,8.09,1.47,7.0,10.29,3.29,-29.74,dinamico,True,git
backend/internal/app/misc.go,go,39,6,45.63,CRITICO,13.74,412.2,96.6,3.56,12.46,1.46,7.0,10.22,3.22,-26.9,dinamico,True,git
frontend/lib/domain/usecases/get_dashboard_summary.dart,dart,40,3,45.67,CRITICO,13.53,405.9,55.2,6.38,-37.27,1.46,4.0,5.84,1.84,-59.22,dinamico,True,git
frontend/lib/domain/usecases/create_student.dart,dart,39,9,45.23,CRITICO,13.4,402.0,56.7,6.14,-34.89,1.47,4.0,5.89,1.89,-57.68,dinamico,True,git
frontend/lib/infrastructure/repositories/user_repository_impl.dart,dart,39,9,45.23,CRITICO,12.77,383.1,170.1,2.05,95.34,1.47,4.0,5.89,1.89,26.97,dinamico,True,git
backend/internal/domain/ports_device.go,go,38,0,46.82,CRITICO,12.36,370.8,177.6,1.81,121.13,1.42,7.0,9.96,2.96,43.73,dinamico,True,git
backend/internal/adapter/postgres/errors.go,go,36,10,46.26,CRITICO,11.37,341.1,184.8,1.68,138.19,1.44,7.0,10.08,3.08,54.82,dinamico,True,git
backend/internal/domain/errors.go,go,35,8,46.95,CRITICO,11.33,339.9,176.4,1.67,139.53,1.42,7.0,9.94,2.94,55.7,dinamico,True,git
backend/internal/adapter/http/dto_attendance.go,go,35,2,47.75,CRITICO,10.49,314.7,83.1,3.44,16.18,1.4,7.0,9.77,2.77,-24.48,dinamico,True,git
backend/internal/app/auth.go,go,32,8,48.26,CRITICO,10.27,308.1,80.1,3.21,24.79,1.38,7.0,9.67,2.67,-18.89,dinamico,True,git
backend/internal/adapter/http/dto_attendance_test.go,go,32,2,49.06,CRITICO,9.13,273.9,75.3,3.31,20.96,1.36,7.0,9.51,2.51,-21.37,dinamico,True,git
backend/internal/domain/ports_user.go,go,31,0,49.8,CRITICO,9.01,270.3,71.1,3.3,21.33,1.34,7.0,9.37,2.37,-21.14,dinamico,True,git
backend/internal/adapter/postgres/workshop_group_repo.go,go,31,7,48.85,CRITICO,8.92,267.6,76.5,3.18,25.84,1.36,7.0,9.55,2.55,-18.2,dinamico,True,git
backend/internal/adapter/http/dto_students.go,go,30,1,50.14,APROBADO,8.21,246.3,69.3,3.23,23.9,1.33,7.0,9.31,2.31,-19.47,dinamico,True,git
backend/internal/adapter/http/helpers.go,go,29,9,49.56,CRITICO,8.12,243.6,72.6,3.05,31.21,1.35,7.0,9.42,2.42,-14.71,dinamico,True,git
backend/internal/adapter/http/dto_preceptors_test.go,go,28,2,51.01,APROBADO,7.39,221.7,64.5,3.12,28.05,1.31,7.0,9.15,2.15,-16.77,dinamico,True,git
backend/internal/domain/ports_student.go,go,27,0,51.82,APROBADO,7.22,216.6,60.3,3.11,28.44,1.29,7.0,9.01,2.01,-16.52,dinamico,True,git
backend/internal/adapter/http/auth_handler.go,go,27,4,51.28,APROBADO,7.05,211.5,63.0,3.05,31.14,1.3,7.0,9.1,2.1,-14.76,dinamico,True,git
frontend/lib/domain/repositories/attendance_repository.dart,dart,25,6,52.13,APROBADO,6.6,198.0,67.2,2.55,56.71,1.28,4.0,5.12,1.12,1.86,dinamico,True,git
backend/internal/adapter/http/dto_preceptors.go,go,26,2,52.1,APROBADO,6.54,196.2,58.8,3.04,31.66,1.28,7.0,8.96,1.96,-14.42,dinamico,True,git
frontend/lib/domain/usecases/create_user.dart,dart,24,6,52.73,APROBADO,6.16,184.8,63.6,2.52,58.66,1.26,4.0,5.06,1.06,3.13,dinamico,True,git
frontend/lib/domain/usecases/get_students.dart,dart,23,5,53.49,APROBADO,5.71,171.3,59.4,2.5,60.09,1.25,4.0,4.99,0.99,4.06,dinamico,True,git
backend/internal/adapter/http/dto_students_test.go,go,24,1,53.4,APROBADO,5.7,171.0,52.2,2.98,34.28,1.25,7.0,8.74,1.74,-12.72,dinamico,True,git
frontend/lib/infrastructure/repositories/course_repository_impl.dart,dart,23,6,53.35,APROBADO,5.48,164.4,90.0,1.66,140.99,1.25,4.0,5.0,1.0,56.64,dinamico,True,git
frontend/lib/domain/repositories/student_repository.dart,dart,21,10,54.14,APROBADO,5.05,151.5,139.5,0.94,324.6,1.23,4.0,4.93,0.93,175.99,dinamico,True,git
frontend/lib/presentation/widgets/auto_refresh_mixin.dart,dart,22,8,53.73,APROBADO,4.68,140.38,29.1,4.82,-17.08,1.24,4.0,4.97,0.97,-46.1,dinamico,True,git
frontend/lib/domain/entities/specialty.dart,dart,20,5,55.53,APROBADO,4.49,134.7,24.3,4.81,-16.8,1.2,4.0,4.81,0.81,-45.92,dinamico,True,git
frontend/lib/domain/repositories/user_repository.dart,dart,19,7,56.01,APROBADO,4.17,125.1,69.3,1.56,156.09,1.19,4.0,4.77,0.77,66.46,dinamico,True,git
backend/internal/domain/preceptor.go,go,19,0,56.95,APROBADO,3.96,118.8,73.2,1.41,184.63,1.17,7.0,8.22,1.22,85.01,dinamico,True,git
backend/internal/adapter/http/dto_users_test.go,go,16,1,59.33,APROBADO,2.76,82.8,27.6,2.73,46.78,1.13,7.0,7.92,0.92,-4.59,dinamico,True,git
backend/internal/adapter/http/dto_users.go,go,15,1,60.27,APROBADO,2.43,72.9,24.3,2.73,46.68,1.12,7.0,7.81,0.81,-4.66,dinamico,True,git
backend/internal/adapter/http/dto_catalog_test.go,go,14,2,61.15,APROBADO,2.13,63.9,21.6,2.69,48.51,1.1,7.0,7.72,0.72,-3.47,dinamico,True,git
frontend/lib/infrastructure/repositories/time_slot_repository_impl.dart,dart,13,3,62.1,APROBADO,1.85,55.5,10.8,4.66,-14.13,1.09,4.0,4.36,0.36,-44.19,dinamico,True,git
backend/internal/domain/course.go,go,12,0,63.67,APROBADO,1.57,47.1,28.8,1.42,182.46,1.07,7.0,7.48,0.48,83.6,dinamico,True,git
frontend/lib/domain/entities/workshop_group.dart,dart,11,3,64.54,APROBADO,1.33,39.9,13.8,2.5,59.92,1.06,4.0,4.23,0.23,3.95,dinamico,True,git
backend/internal/domain/notification.go,go,10,0,66.34,APROBADO,1.0,30.0,8.4,3.09,29.28,1.04,7.0,7.28,0.28,-15.97,dinamico,True,git
backend/internal/adapter/postgres/overlap_repo.go,go,10,2,66.07,APROBADO,0.98,29.4,9.0,2.98,34.34,1.04,7.0,7.3,0.3,-12.68,dinamico,True,git
backend/internal/adapter/http/dto_catalog.go,go,10,0,66.34,APROBADO,0.96,28.8,8.4,3.09,29.28,1.04,7.0,7.28,0.28,-15.97,dinamico,True,git
frontend/lib/domain/entities/notification.dart,dart,9,2,67.61,APROBADO,0.77,23.1,3.6,5.54,-27.83,1.03,4.0,4.12,0.12,-53.09,dinamico,True,git
backend/internal/domain/early_departure.go,go,9,0,67.88,APROBADO,0.74,22.2,5.7,3.37,18.55,1.03,7.0,7.19,0.19,-22.94,dinamico,True,git
frontend/lib/domain/repositories/course_repository.dart,dart,7,4,71.01,APROBADO,0.32,9.6,2.7,3.1,28.89,1.01,4.0,4.03,0.03,-16.22,dinamico,True,git
backend/internal/domain/workshop_group.go,go,7,1,71.42,APROBADO,0.29,8.7,1.5,5.02,-20.27,1.01,7.0,7.05,0.05,-48.17,dinamico,True,git
backend/internal/app/doc.go,go,1,0,100.0,EXCELENTE,0.0,0.0,0.0,0.0,0.0,1.0,7.0,7.0,0.0,0.0,dinamico,True,sin_deuda
frontend/lib/domain/repositories/time_slot_repository.dart,dart,5,2,76.2,EXCELENTE,0.0,0.0,0.0,0.0,0.0,1.0,4.0,4.0,0.0,0.0,dinamico,True,sin_deuda
